Turtle_ID,Turtle_URL,Species,AgeClass,SightedDate,SourceOfSighting,Sighting_URL,ImageTakenBy,SightedLocation,GPS,dwc:decimalLatitude,dwc:decimalLongitude,dwc:coordinateUncertaintyInMeters,InjuryCause,InjuryType,WoundLocation,WoundSeverity,HealingStage,Note
TW01G0047,https://turtlespottw.org/turtle-profile/TW01G0047,Chelonia mydas,Subadult,2017/3/24,TST facebook group,https://www.facebook.com/photo.php?fbid=1690010041017026&set=p.1690010041017026&type=3,Su Huai,Vase Rock,"22.35613, 120.38092",22.35613,120.38092,100,Unknown,Abrasion,Carapace,Minor,Undetermined,1st wound
TW01G0047,https://turtlespottw.org/turtle-profile/TW01G0047,Chelonia mydas,Subadult,2017/6/11,TST facebook group,https://www.facebook.com/groups/turtlespotintw/permalink/477723342572110,Su Huai,Vase Rock,"22.35613, 120.38092",22.35613,120.38092,100,Unknown,Abrasion,Carapace,Minor,Partially healed,Wound partially filled with pale tissue and early granulation.
TW01G0047,https://turtlespottw.org/turtle-profile/TW01G0047,Chelonia mydas,Subadult,2017/6/22,TST facebook group,https://www.facebook.com/photo.php?fbid=1700746929943337&set=p.1700746929943337&type=3,Su Huai,Vase Rock,"22.35613, 120.38092",22.35613,120.38092,100,Unknown,Abrasion,Carapace,Minor,Partially healed,
TW01G0047,https://turtlespottw.org/turtle-profile/TW01G0047,Chelonia mydas,Subadult,2017/6/29,TST facebook group,https://www.facebook.com/groups/turtlespotintw/permalink/487142134963564,島主,Vase Rock,"22.35613, 120.38092",22.35613,120.38092,100,Unknown,Abrasion,Carapace,Minor,Partially healed,
TW01G0047,https://turtlespottw.org/turtle-profile/TW01G0047,Chelonia mydas,Subadult,2018/3/28,TST facebook group,https://www.facebook.com/groups/turtlespotintw/permalink/617737578570685,Yen Bebe,Vase Rock,"22.35613, 120.38092",22.35613,120.38092,100,Unknown,Abrasion,Carapace,Minor,Healed,Area fully closed with scar tissue and pigmentation difference.
TW01G0047,https://turtlespottw.org/turtle-profile/TW01G0047,Chelonia mydas,Subadult,2018/5/18,TST facebook group,https://www.facebook.com/groups/turtlespotintw/permalink/641486349529141/,Gavin Ye,Vase Rock,"22.35613, 120.38092",22.35613,120.38092,100,Unknown,Abrasion,Carapace,Minor,Healed,
TW01G0047,https://turtlespottw.org/turtle-profile/TW01G0047,Chelonia mydas,Subadult,2018/10/25,TST facebook group,https://www.facebook.com/groups/turtlespotintw/permalink/765869987090776/,Arwen Lin,Vase Rock,"22.35613, 120.38092",22.35613,120.38092,100,Unknown,Abrasion,Carapace,Minor,Partially healed,2nd wound
TW01G0047,https://turtlespottw.org/turtle-profile/TW01G0047,Chelonia mydas,Subadult,2018/12/6,TST facebook group,https://www.facebook.com/photo.php?fbid=2203818629681519&set=p.2203818629681519&type=3,吳芷,Vase Rock,"22.35613, 120.38092",22.35613,120.38092,100,Unknown,Abrasion,Carapace,Minor,Partially healed,
TW01G0047,https://turtlespottw.org/turtle-profile/TW01G0047,Chelonia mydas,Subadult,2020/8/24,TST facebook group,https://www.facebook.com/groups/turtlespotintw/permalink/1259430421068061/,Sese Hsu,Vase Rock,"22.35613, 120.38092",22.35613,120.38092,100,Unknown,Abrasion,Carapace,Minor,Healed,Healed
TW01G0048,https://turtlespottw.org/turtle-profile/TW01G0048,Chelonia mydas,Adult,2017/2/1,TST facebook group,https://www.facebook.com/groups/turtlespotintw/permalink/479477802396664,Po-Han Hsu,Vase Rock,"22.35613, 120.38092",22.35613,120.38092,100,Fishing line entanglement,Entanglement,Right front flipper,Severe,Undetermined,Entanglement with fishing line and float. Visible tissue swelling and embeded line.
TW01G0048,https://turtlespottw.org/turtle-profile/TW01G0048,Chelonia mydas,Adult,2017/8/2,TST facebook group,NA,Su Huai,Vase Rock,"22.35613, 120.38092",22.35613,120.38092,100,Fishing line entanglement,Entanglement,Right front flipper,Severe,Fresh (Healed),Acute ligature wound
TW01G0048,https://turtlespottw.org/turtle-profile/TW01G0048,Chelonia mydas,Adult,2018/5/15,TST facebook group,NA,Su Huai,Vase Rock,"22.35613, 120.38092",22.35613,120.38092,100,Fishing line entanglement,Entanglement,Right front flipper,Severe,Undetermined,
TW01G0048,https://turtlespottw.org/turtle-profile/TW01G0048,Chelonia mydas,Adult,2018/5/22,TST facebook group,https://www.facebook.com/groups/turtlespotintw/permalink/646442682366841/,Jane Tsai,Vase Rock,"22.35613, 120.38092",22.35613,120.38092,100,Fishing line entanglement,Entanglement,Right front flipper,Severe,Undetermined,Video showed that no sign of using right-front flipper while swimming
TW01G0048,https://turtlespottw.org/turtle-profile/TW01G0048,Chelonia mydas,Adult,2018/6/4,TST facebook group,https://www.facebook.com/groups/turtlespotintw/permalink/648620415482401,李俊賢,Vase Rock,"22.35613, 120.38092",22.35613,120.38092,100,Fishing line entanglement,Entanglement,Right front flipper,Severe,Necrosis,Visible swelling of the right flipper with suspected ischemic necrosis
TW01G0048,https://turtlespottw.org/turtle-profile/TW01G0048,Chelonia mydas,Adult,2018/10/21,TST facebook group,NA,Su Huai,Vase Rock,"22.35613, 120.38092",22.35613,120.38092,100,Fishing line entanglement,Amputation,Right front flipper,Severe,Amputation,
TW01G0048,https://turtlespottw.org/turtle-profile/TW01G0048,Chelonia mydas,Adult,2018/11/4,TST facebook group,https://www.facebook.com/groups/turtlespotintw/permalink/768081683536273/,李俊賢,Vase Rock,"22.35613, 120.38092",22.35613,120.38092,100,Fishing line entanglement,Amputation,Right front flipper,Severe,Amputation,
TW01G0048,https://turtlespottw.org/turtle-profile/TW01G0048,Chelonia mydas,Adult,2019/4/29,TST facebook group,NA,Su Huai,Vase Rock,"22.35613, 120.38092",22.35613,120.38092,100,Fishing line entanglement,Amputation,Right front flipper,Severe,Amputation,
TW01G0048,https://turtlespottw.org/turtle-profile/TW01G0048,Chelonia mydas,Adult,2020/2/13,TST facebook group,https://www.facebook.com/groups/turtlespotintw/permalink/1103184413359330/,Fei Pocheng,Vase Rock,"22.35613, 120.38092",22.35613,120.38092,100,Fishing line entanglement,Amputation,Right front flipper,Severe,Healed Amputation,
TW01G0048,https://turtlespottw.org/turtle-profile/TW01G0048,Chelonia mydas,Adult,2020/3/26,TST facebook group,NA,Su Huai,Vase Rock,"22.35613, 120.38092",22.35613,120.38092,100,Fishing line entanglement,Amputation,Right front flipper,Severe,Healed Amputation,Fully resolved flipper loss with adaptive function
TW01G0048,https://turtlespottw.org/turtle-profile/TW01G0048,Chelonia mydas,Adult,2020/3/31,TST facebook group,https://www.facebook.com/groups/turtlespotintw/permalink/1141917649486006/,Amy Su,Vase Rock,"22.35613, 120.38092",22.35613,120.38092,100,Fishing line entanglement,Amputation,Right front flipper,Severe,Healed Amputation,Image not clear
TW01G0048,https://turtlespottw.org/turtle-profile/TW01G0048,Chelonia mydas,Adult,2020/5/7,TST facebook group,https://www.facebook.com/groups/turtlespotintw/posts/1170927629918341/,Liu Shih,Vase Rock,"22.35613, 120.38092",22.35613,120.38092,100,Fishing line entanglement,Amputation,Right front flipper,Severe,Healed Amputation,
TW01G0048,https://turtlespottw.org/turtle-profile/TW01G0048,Chelonia mydas,Adult,2020/8/24,TST facebook group,https://www.facebook.com/groups/turtlespotintw/permalink/1261978780813225/,Sese Hsu,Vase Rock,"22.35613, 120.38092",22.35613,120.38092,100,Fishing line entanglement,Amputation,Right front flipper,Severe,Healed Amputation,
TW01G0048,https://turtlespottw.org/turtle-profile/TW01G0048,Chelonia mydas,Adult,2020/8/29,TST facebook group,https://www.facebook.com/groups/turtlespotintw/permalink/1263031067374663/,李雲翔,Vase Rock,"22.35613, 120.38092",22.35613,120.38092,100,Fishing line entanglement,Amputation,Right front flipper,Severe,Healed Amputation,
TW01G0048,https://turtlespottw.org/turtle-profile/TW01G0048,Chelonia mydas,Adult,2021/1/27,TST facebook group,https://www.facebook.com/groups/turtlespotintw/permalink/1383554438655658/,奧維維,Vase Rock,"22.35613, 120.38092",22.35613,120.38092,100,Fishing line entanglement,Amputation,Right front flipper,Severe,Healed Amputation,
TW01G0048,https://turtlespottw.org/turtle-profile/TW01G0048,Chelonia mydas,Adult,2021/2/4,TST facebook group,https://www.facebook.com/groups/turtlespotintw/permalink/1388530954824673/,郭芙,Vase Rock,"22.35613, 120.38092",22.35613,120.38092,100,Fishing line entanglement,Amputation,Right front flipper,Severe,Healed Amputation,
TW01G0048,https://turtlespottw.org/turtle-profile/TW01G0048,Chelonia mydas,Adult,2021/4/30,survey_sighting,NA,Una Liu,Vase Rock,"22.35613, 120.38092",22.35613,120.38092,100,Fishing line entanglement,Amputation,Right front flipper,Severe,Healed Amputation,Feeding (video)
TW01G0048,https://turtlespottw.org/turtle-profile/TW01G0048,Chelonia mydas,Adult,2021/8/22,survey_sighting,NA,Su Huai,Vase Rock,"22.35613, 120.38092",22.35613,120.38092,100,Fishing line entanglement,Amputation,Right front flipper,Severe,Healed Amputation,
TW01G0048,https://turtlespottw.org/turtle-profile/TW01G0048,Chelonia mydas,Adult,2021/12/13,TST facebook group,https://www.facebook.com/groups/turtlespotintw/posts/1609908796020220/,Su Huai,Vase Rock,"22.35613, 120.38092",22.35613,120.38092,100,Fishing line entanglement,Amputation,Right front flipper,Severe,Healed Amputation,
TW01G0048,https://turtlespottw.org/turtle-profile/TW01G0048,Chelonia mydas,Adult,2022/2/25,survey_sighting,NA,Su Huai,Vase Rock,"22.35613, 120.38092",22.35613,120.38092,100,Fishing line entanglement,Amputation,Right front flipper,Severe,Healed Amputation,
TW01G0048,https://turtlespottw.org/turtle-profile/TW01G0048,Chelonia mydas,Adult,2022/7/18,TST facebook group,https://www.facebook.com/groups/turtlespotintw/posts/1775808642763567/,劉尚平,Vase Rock,"22.35613, 120.38092",22.35613,120.38092,100,Fishing line entanglement,Amputation,Right front flipper,Severe,Healed Amputation,Image not clear
TW01G0049,https://turtlespottw.org/turtle-profile/TW01G0049,Chelonia mydas,Adult,2017/6/22,TST facebook group,https://www.facebook.com/groups/turtlespotintw/permalink/482887385389039,Su Huai,Vase Rock,"22.35613, 120.38092",22.35613,120.38092,100,Unknown,Propeller laceration,Carapace,Severe,Partially healed,Minor bone exposure
TW01G0049,https://turtlespottw.org/turtle-profile/TW01G0049,Chelonia mydas,Adult,2018/3/14,TST facebook group,https://www.facebook.com/photo.php?fbid=2059496604068366&set=p.2059496604068366&type=3&ifg=1,Su Huai,Vase Rock,"22.35613, 120.38092",22.35613,120.38092,100,Unknown,Propeller laceration,Carapace,Severe,Partially healed,Partial bridging of carapace gap
TW01G0049,https://turtlespottw.org/turtle-profile/TW01G0049,Chelonia mydas,Adult,2018/3/18,TST facebook group,https://www.facebook.com/photo.php?fbid=2066376716713688&set=p.2066376716713688&type=3&ifg=1,Su Huai,Vase Rock,"22.35613, 120.38092",22.35613,120.38092,100,Unknown,Propeller laceration,Carapace,Severe,Partially healed,Partial bridging of carapace gap
TW01G0049,https://turtlespottw.org/turtle-profile/TW01G0049,Chelonia mydas,Adult,2018/6/4,TST facebook group,https://www.facebook.com/groups/turtlespotintw/permalink/648645712146538,李俊賢,Vase Rock,"22.35613, 120.38092",22.35613,120.38092,100,Unknown,Propeller laceration,Carapace,Severe,Undetermined,
TW01G0049,https://turtlespottw.org/turtle-profile/TW01G0049,Chelonia mydas,Adult,2019/3/3,TST facebook group,https://www.facebook.com/photo.php?fbid=2746030108748342&set=p.2746030108748342&type=3,Su Huai,Vase Rock,"22.35613, 120.38092",22.35613,120.38092,100,Unknown,Propeller laceration,Carapace,Severe,Healed,On visible scar. Resting.
TW01G0049,https://turtlespottw.org/turtle-profile/TW01G0049,Chelonia mydas,Adult,2020/3/19,TST facebook group,https://www.facebook.com/photo.php?fbid=3865268073491201&set=p.3865268073491201&type=3,Su Huai,Vase Rock,"22.35613, 120.38092",22.35613,120.38092,100,Unknown,Propeller laceration,Carapace,Severe,Healed,Resting on the same spot as the previous sighting
TW01G0049,https://turtlespottw.org/turtle-profile/TW01G0049,Chelonia mydas,Adult,2020/4/11,TST facebook group,https://www.facebook.com/photo.php?fbid=3897165330301475&set=p.3897165330301475&type=3&theater,Su Huai,Vase Rock,"22.35613, 120.38092",22.35613,120.38092,100,Unknown,Propeller laceration,Carapace,Severe,Healed,Resting on the same spot as the previous sighting
TW01G0049,https://turtlespottw.org/turtle-profile/TW01G0049,Chelonia mydas,Adult,2020/8/24,TST facebook group,https://www.facebook.com/groups/turtlespotintw/posts/1261984797479290/,Sese Hsu,Vase Rock,"22.35613, 120.38092",22.35613,120.38092,100,Unknown,Propeller laceration,Carapace,Severe,Undetermined,
TW01G0049,https://turtlespottw.org/turtle-profile/TW01G0049,Chelonia mydas,Adult,2020/11/12,TST facebook group,https://www.facebook.com/groups/turtlespotintw/posts/1467819350229166/,Jane Tsai,Baisha Port,"22.35261, 120.38424",22.35261,120.38424,100,Unknown,Propeller laceration,Carapace,Severe,Undetermined,Feeding inside the harbor
TW01G0049,https://turtlespottw.org/turtle-profile/TW01G0049,Chelonia mydas,Adult,2021/2/10,TST facebook group,https://www.facebook.com/photo.php?fbid=5326653144019346&set=p.5326653144019346&type=3&av=100000241399989&eav=AfYC73Gxia6fC_zxbTryGa5-JZMHWEGy3jJlL_Uyd7jD63n0YPs45T8SPRT7I1FyvhQ,Su Huai,Vase Rock,"22.35613, 120.38092",22.35613,120.38092,100,Propeller strike,Propeller laceration,Carapace and right face,Severe,Partially healed,2nd injurys. Parallel slicing wounds from propeller strikes.
TW01G0049,https://turtlespottw.org/turtle-profile/TW01G0049,Chelonia mydas,Adult,2021/4/2,TST facebook group,https://www.facebook.com/groups/turtlespotintw/permalink/1430320087312426/,Chen Tzu Chien,Vase Rock,"22.35613, 120.38092",22.35613,120.38092,100,Propeller strike,Propeller laceration,Carapace and right face,Severe,Partially healed,
TW01G0049,https://turtlespottw.org/turtle-profile/TW01G0049,Chelonia mydas,Adult,2021/4/12,TST facebook group,https://www.facebook.com/groups/turtlespotintw/permalink/1435244183486683/,Su Huai,Vase Rock,"22.35613, 120.38092",22.35613,120.38092,100,Propeller strike,Propeller laceration,Carapace and right face,Severe,Partially healed,
TW01G0049,https://turtlespottw.org/turtle-profile/TW01G0049,Chelonia mydas,Adult,2021/4/17,TST facebook group,https://www.facebook.com/photo.php?fbid=4417906348223611&set=p.4417906348223611&type=3,Jane Tsai,Baisha Port,"22.35261, 120.38424",22.35261,120.38424,100,Propeller strike,Propeller laceration,Carapace and right face,Severe,Partially healed,Feeding inside the harbor
TW01G0049,https://turtlespottw.org/turtle-profile/TW01G0049,Chelonia mydas,Adult,2021/4/30,survey_sighting,NA,Una Liu,Vase Rock,"22.35613, 120.38092",22.35613,120.38092,100,Propeller strike,Propeller laceration,Carapace and right face,Severe,Partially healed,Feeding
TW01G0049,https://turtlespottw.org/turtle-profile/TW01G0049,Chelonia mydas,Adult,2021/4/30,survey_sighting,NA,Jane Tsai,Vase Rock,"22.35613, 120.38092",22.35613,120.38092,100,Propeller strike,Propeller laceration,Carapace and right face,Severe,Partially healed,Feeding
TW01G0049,https://turtlespottw.org/turtle-profile/TW01G0049,Chelonia mydas,Adult,2021/5/10,TST facebook group,NA,Su Huai,Vase Rock,"22.35613, 120.38092",22.35613,120.38092,100,Propeller strike,Propeller laceration,Carapace and right face,Severe,Partially healed,
TW01G0049,https://turtlespottw.org/turtle-profile/TW01G0049,Chelonia mydas,Adult,2021/5/12,TST facebook group,https://www.facebook.com/groups/turtlespotintw/permalink/1456400268037741/,Cat Styx,Vase Rock,"22.35613, 120.38092",22.35613,120.38092,100,Propeller strike,Propeller laceration,Carapace and right face,Severe,Partially healed,Feeding
TW01G0049,https://turtlespottw.org/turtle-profile/TW01G0049,Chelonia mydas,Adult,2021/7/31,TST facebook group,NA,Jane Tsai,Baisha Port,"22.35261, 120.38424",22.35261,120.38424,100,Propeller strike,Propeller laceration,Carapace and right face,Severe,Partially healed,Feeding inside the harbor
TW01G0049,https://turtlespottw.org/turtle-profile/TW01G0049,Chelonia mydas,Adult,2021/8/22,survey_sighting,NA,Su Huai,Vase Rock,"22.35613, 120.38092",22.35613,120.38092,100,Propeller strike,Propeller laceration,Carapace and right face,Severe,Partially healed,
TW01G0049,https://turtlespottw.org/turtle-profile/TW01G0049,Chelonia mydas,Adult,2021/10/16,TST facebook group,https://www.facebook.com/groups/turtlespotintw/posts/1577188262625607/,Wei-An Liu,Vase Rock,"22.35613, 120.38092",22.35613,120.38092,100,Propeller strike,Propeller laceration,Carapace and right face,Severe,Partially healed,
TW01G0049,https://turtlespottw.org/turtle-profile/TW01G0049,Chelonia mydas,Adult,2021/11/12,TST facebook group,https://www.facebook.com/groups/turtlespotintw/permalink/1589463844731382/,Wilson Shen,Vase Rock,"22.35613, 120.38092",22.35613,120.38092,100,Propeller strike,Propeller laceration,Carapace and right face,Severe,Caracape:partially healed; Face: healed,
TW01G0049,https://turtlespottw.org/turtle-profile/TW01G0049,Chelonia mydas,Adult,2023/6/12,TST facebook group,https://www.facebook.com/groups/turtlespotintw/posts/2010332362644526/,黃晉緯,Vase Rock,"22.35613, 120.38092",22.35613,120.38092,100,Propeller strike,Propeller laceration,Carapace and right face,Severe,Healed,
TW01G0058,https://turtlespottw.org/turtle-profile/TW01G0058,Chelonia mydas,Subadult,2015/10/11,TST facebook group,NA,Su Huai,Vase Rock,"22.35613, 120.38092",22.35613,120.38092,100,Unknown,Irregular wound,Carapace,No injury,No injury,Before
TW01G0058,https://turtlespottw.org/turtle-profile/TW01G0058,Chelonia mydas,Subadult,2016/7/28,TST facebook group,NA,Su Huai,Vase Rock,"22.35613, 120.38092",22.35613,120.38092,100,Unknown,Irregular wound,Carapace,Minor,Partially healed,
TW01G0058,https://turtlespottw.org/turtle-profile/TW01G0058,Chelonia mydas,Subadult,2017/6/10,TST facebook group,NA,Su Huai,Vase Rock,"22.35613, 120.38092",22.35613,120.38092,100,Unknown,Irregular wound,Carapace,Minor,Healed,
TW01G0058,https://turtlespottw.org/turtle-profile/TW01G0058,Chelonia mydas,Subadult,2017/7/17,TST facebook group,https://www.facebook.com/groups/turtlespotintw/permalink/498107763867001,Su Huai,Vase Rock,"22.35613, 120.38092",22.35613,120.38092,100,Unknown,Irregular wound,Carapace,Minor,Healed,
TW01G0058,https://turtlespottw.org/turtle-profile/TW01G0058,Chelonia mydas,Subadult,2017/8/8,TST facebook group,https://www.facebook.com/groups/turtlespotintw/permalink/515984558745988/,宋騏安,Vase Rock,"22.35613, 120.38092",22.35613,120.38092,100,Unknown,Irregular wound,Carapace,Minor,Healed,
TW01G0058,https://turtlespottw.org/turtle-profile/TW01G0058,Chelonia mydas,Subadult,2018/5/18,TST facebook group,https://www.facebook.com/groups/turtlespotintw/posts/641483589529417/,葉冠毅,Vase Rock,"22.35613, 120.38092",22.35613,120.38092,100,Unknown,Irregular wound,Carapace,Minor,Healed,
TW01G0059,https://turtlespottw.org/turtle-profile/TW01G0059,Chelonia mydas,Juvenile,2017/3/30,TST facebook group,https://www.facebook.com/photo.php?fbid=1737156552969041&set=p.1737156552969041&type=3,Su Huai,Vase Rock,"22.35613, 120.38092",22.35613,120.38092,100,Propeller strike,Carapace fracture,Carapace,Severe,Partially healed,The shell and carapace bone on the left lateral carapace fracture. Exposed fibrotic wound.
TW01G0059,https://turtlespottw.org/turtle-profile/TW01G0059,Chelonia mydas,Juvenile,2017/7/19,TST facebook group,https://www.facebook.com/groups/turtlespotintw/permalink/499213423756435,Su Huai,Vase Rock,"22.35613, 120.38092",22.35613,120.38092,100,Propeller strike,Carapace fracture,Carapace,Severe,Partially healed,Wound contraction but keratin on the surface have not yet formed
TW01G0059,https://turtlespottw.org/turtle-profile/TW01G0059,Chelonia mydas,Juvenile,2017/7/23,TST facebook group,https://www.facebook.com/photo.php?fbid=1742325545785475&set=p.1742325545785475&type=3&theater,Su Huai,Vase Rock,"22.35613, 120.38092",22.35613,120.38092,100,Propeller strike,Carapace fracture,Carapace,Severe,Partially healed,
TW01G0059,https://turtlespottw.org/turtle-profile/TW01G0059,Chelonia mydas,Juvenile,2017/11/1,TST facebook group,https://www.facebook.com/photo.php?fbid=1876794399005255&set=p.1876794399005255&type=3,Su Huai,Vase Rock,"22.35613, 120.38092",22.35613,120.38092,100,Propeller strike,Carapace fracture,Carapace,Severe,Partially healed,Most parts of wound were closed.
TW01G0059,https://turtlespottw.org/turtle-profile/TW01G0059,Chelonia mydas,Juvenile,2018/4/22,TST facebook group,https://www.facebook.com/groups/turtlespotintw/permalink/629225377421905/,宋騏安,Vase Rock,"22.35613, 120.38092",22.35613,120.38092,100,Propeller strike,Carapace fracture,Carapace,Severe,Healed,No visiable white granulation on the wound.
TW01G0059,https://turtlespottw.org/turtle-profile/TW01G0059,Chelonia mydas,Juvenile,2018/5/5,TST facebook group,https://www.facebook.com/groups/turtlespotintw/permalink/635750853436024/,Yeungs Ting,Vase Rock,"22.35613, 120.38092",22.35613,120.38092,100,Propeller strike,Carapace fracture,Carapace,Severe,Healed,
TW01G0059,https://turtlespottw.org/turtle-profile/TW01G0059,Chelonia mydas,Juvenile,2018/10/14,TST facebook group,https://www.facebook.com/groups/turtlespotintw/permalink/759020077775767/,郭芙,Vase Rock,"22.35613, 120.38092",22.35613,120.38092,100,Propeller strike,Carapace fracture,Carapace,Severe,Healed,Humping
TW01G0059,https://turtlespottw.org/turtle-profile/TW01G0059,Chelonia mydas,Juvenile,2019/8/23,TST facebook group,https://www.facebook.com/groups/turtlespotintw/permalink/958629977814775/,Iris Chang,Vase Rock,"22.35613, 120.38092",22.35613,120.38092,100,Propeller strike,Carapace fracture,Carapace,Severe,Healed,Humped carapace
TW01G0059,https://turtlespottw.org/turtle-profile/TW01G0059,Chelonia mydas,Juvenile,2020/6/14,TST facebook group,NA,Su Huai,Vase Rock,"22.35613, 120.38092",22.35613,120.38092,100,Propeller strike,Carapace fracture,Carapace,Severe,Healed,Swimming video. No sign of movement of the both rear flippers.
TW01G0059,https://turtlespottw.org/turtle-profile/TW01G0059,Chelonia mydas,Subadult,2021/4/30,survey_sighting,NA,Jane Tsai,Vase Rock,"22.35613, 120.38092",22.35613,120.38092,100,Propeller strike,Carapace fracture,Carapace,Severe,Healed,
TW01G0059,https://turtlespottw.org/turtle-profile/TW01G0059,Chelonia mydas,Subadult,2021/4/30,survey_sighting,NA,Una,Vase Rock,"22.35613, 120.38092",22.35613,120.38092,100,Propeller strike,Carapace fracture,Carapace,Severe,Healed,
TW01G0059,https://turtlespottw.org/turtle-profile/TW01G0059,Chelonia mydas,Juvenile,2021/9/21,TST facebook group,https://www.facebook.com/groups/turtlespotintw/permalink/1579476645730102/,郭芙,Vase Rock,"22.35613, 120.38092",22.35613,120.38092,100,Propeller strike,Carapace fracture,Carapace,Severe,Healed,Humped carapace
TW01G0059,https://turtlespottw.org/turtle-profile/TW01G0059,Chelonia mydas,Subadult,2022/6/11,TST facebook group,https://www.facebook.com/groups/turtlespotintw/posts/1751892355155196/,張宏亮,Vase Rock,"22.35613, 120.38092",22.35613,120.38092,100,Propeller strike,Carapace fracture,Carapace,Severe,Healed,
TW01G0059,https://turtlespottw.org/turtle-profile/TW01G0059,Chelonia mydas,Subadult,2022/8/30,TST facebook group,https://www.facebook.com/groups/turtlespotintw/posts/1798126080531823/,William Lin,Vase Rock,"22.35613, 120.38092",22.35613,120.38092,100,Propeller strike,Carapace fracture,Carapace,Severe,Healed,
TW01G0059,https://turtlespottw.org/turtle-profile/TW01G0059,Chelonia mydas,Subadult,2023/6/28,TST facebook group,https://www.facebook.com/groups/turtlespotintw/posts/2019257191752043/,陳泓銘,Vase Rock,"22.35613, 120.38092",22.35613,120.38092,100,Propeller strike,Carapace fracture,Carapace,Severe,Healed,
TW01G0059,https://turtlespottw.org/turtle-profile/TW01G0059,Chelonia mydas,Subadult,2024/1/14,TST facebook group,https://www.facebook.com/groups/turtlespotintw/posts/2145789492432145/,廖英秀,Vase Rock,"22.35613, 120.38092",22.35613,120.38092,100,Propeller strike,Carapace fracture,Carapace,Severe,Healed,Cleaning
TW01G0059,https://turtlespottw.org/turtle-profile/TW01G0059,Chelonia mydas,Subadult,2024/7/3,TST facebook group,https://www.facebook.com/groups/turtlespotintw/posts/2265392480471845/,Emily Tien,Vase Rock,"22.35613, 120.38092",22.35613,120.38092,100,Unknown,Abrasion,Carapace,Minor,Partially healed,"Cleaning, 2nd wound"
TW01G0106,https://turtlespottw.org/turtle-profile/TW01G0106,Chelonia mydas,Adult,2015/11/15,TST facebook group,https://www.facebook.com/photo.php?fbid=1955604291124265&set=p.1955604291124265&type=3,Su Huai,Lobster Cave,"22.34610, 120.38984",22.3461,120.38982,100,Propeller strike,Irregular wound,Carapace,Minor,Partially healed,1st wound
TW01G0106,https://turtlespottw.org/turtle-profile/TW01G0106,Chelonia mydas,Adult,2016/12/12,TST facebook group,NA,Su Huai,Lobster Cave,"22.34610, 120.38984",22.3461,120.38982,100,Propeller strike,Irregular wound,Carapace,Minor,Healed,
TW01G0106,https://turtlespottw.org/turtle-profile/TW01G0106,Chelonia mydas,Adult,2017/1/15,TST facebook group,NA,Marco Cheng,Lobster Cave,"22.34610, 120.38984",22.3461,120.38982,100,Propeller strike,Irregular wound,Carapace,Minor,Healed,Image not included wound
TW01G0106,https://turtlespottw.org/turtle-profile/TW01G0106,Chelonia mydas,Adult,2017/7/19,TST facebook group,NA,Su Huai,Lobster Cave,"22.34610, 120.38984",22.3461,120.38982,100,Propeller strike,Irregular wound,Carapace,Minor,Healed,
TW01G0106,https://turtlespottw.org/turtle-profile/TW01G0106,Chelonia mydas,Adult,2017/12/26,TST facebook group,https://www.facebook.com/groups/turtlespotintw/permalink/573218916355885/,Jane Tsai,Lobster Cave,"22.34610, 120.38982",22.3461,120.38982,100,Propeller strike,Irregular wound,Carapace,Minor,Partially healed,2nd wound
TW01G0106,https://turtlespottw.org/turtle-profile/TW01G0106,Chelonia mydas,Adult,2018/5/31,TST facebook group,https://www.facebook.com/groups/turtlespotintw/permalink/647141208963655,Fox Lu,Lobster Cave,"22.34610, 120.38983",22.3461,120.38982,100,Propeller strike,Irregular wound,Carapace,Minor,Partially healed,Only small part of wound were granulation. Evidence of scute regrowth.
TW01G0106,https://turtlespottw.org/turtle-profile/TW01G0106,Chelonia mydas,Adult,2019/11/3,TST facebook group,NA,Su Huai,Lobster Cave,"22.34610, 120.38984",22.3461,120.38982,100,Propeller strike,Irregular wound,Carapace,Minor,Healed,
TW01G0111,https://turtlespottw.org/turtle-profile/TW01G0111,Chelonia mydas,Adult,2017/5/14,TST facebook group,NA,黃彥勛,ShanFu,"22.33821, 120.35914",22.33821,120.35914,200,Propeller strike,Irregular wound,Carapace,Severe,Partially healed,1st wound
TW01G0111,https://turtlespottw.org/turtle-profile/TW01G0111,Chelonia mydas,Adult,2017/6/11,TST facebook group,https://www.facebook.com/groups/turtlespotintw/permalink/476669379344173,徐伯元,ShanFu,"22.33821, 120.35914",22.33821,120.35914,200,Propeller strike,Irregular wound,Carapace,Severe,Partially healed,
TW01G0111,https://turtlespottw.org/turtle-profile/TW01G0111,Chelonia mydas,Adult,2017/6/29,TST facebook group,https://www.facebook.com/photo.php?fbid=1710317392319624&set=p.1710317392319624&type=3,Su Huai,ShanFu,"22.33821, 120.35914",22.33821,120.35914,200,Propeller strike,Irregular wound,Carapace,Severe,Partially healed,
TW01G0111,https://turtlespottw.org/turtle-profile/TW01G0111,Chelonia mydas,Adult,2017/7/5,TST facebook group,https://www.facebook.com/photo.php?fbid=1719812491370114&set=p.1719812491370114&type=3&theater,Su Huai,ShanFu,"22.33821, 120.35914",22.33821,120.35914,200,Propeller strike,Irregular wound,Carapace,Severe,Partially healed,
TW01G0111,https://turtlespottw.org/turtle-profile/TW01G0111,Chelonia mydas,Adult,2017/7/8,TST facebook group,https://www.facebook.com/groups/turtlespotintw/permalink/492923467718764/,鍾大秉,ShanFu,"22.33821, 120.35914",22.33821,120.35914,200,Propeller strike,Irregular wound,Carapace,Severe,Partially healed,Feeding video. Image unclear. Image not included.
TW01G0111,https://turtlespottw.org/turtle-profile/TW01G0111,Chelonia mydas,Adult,2017/7/23,TST facebook group,https://www.facebook.com/photo.php?fbid=1622649914420699&set=p.1622649914420699&type=3&theater,黃彥勛,ShanFu,"22.33821, 120.35914",22.33821,120.35914,200,Propeller strike,Irregular wound,Carapace,Severe,Partially healed,
TW01G0111,https://turtlespottw.org/turtle-profile/TW01G0111,Chelonia mydas,Adult,2017/9/5,TST facebook group,https://www.facebook.com/groups/turtlespotintw/permalink/522388204772290/,鍾大秉,ShanFu,"22.33821, 120.35914",22.33821,120.35914,200,Propeller strike,Irregular wound,Carapace,Severe,Partially healed,
TW01G0111,https://turtlespottw.org/turtle-profile/TW01G0111,Chelonia mydas,Adult,2017/10/23,TST facebook group,https://www.facebook.com/groups/turtlespotintw/permalink/544280472583063/,宋騏安,ShanFu,"22.33821, 120.35914",22.33821,120.35914,200,Propeller strike,Irregular wound,Carapace,Severe,Partially healed,
TW01G0111,https://turtlespottw.org/turtle-profile/TW01G0111,Chelonia mydas,Adult,2017/11/14,TST facebook group,https://www.facebook.com/photo.php?fbid=1896485860369442&set=p.1896485860369442&type=3&theater&ifg=1,Su Huai,ShanFu,"22.33821, 120.35914",22.33821,120.35914,200,Propeller strike,Irregular wound,Carapace,Severe,Partially healed,
TW01G0111,https://turtlespottw.org/turtle-profile/TW01G0111,Chelonia mydas,Adult,2018/3/5,TST facebook group,https://www.facebook.com/photo.php?fbid=1832132193516833&set=p.1832132193516833&type=3&ifg=1,吳芷,ShanFu,"22.33821, 120.35914",22.33821,120.35914,200,Propeller strike,Irregular wound,Carapace,Severe,Partially healed,
TW01G0111,https://turtlespottw.org/turtle-profile/TW01G0111,Chelonia mydas,Adult,2018/3/26,TST facebook group,NA,Su Huai,ShanFu,"22.33821, 120.35914",22.33821,120.35914,200,Propeller strike,Irregular wound,Carapace,Severe,Partially healed,Sign of early maturation
TW01G0111,https://turtlespottw.org/turtle-profile/TW01G0111,Chelonia mydas,Adult,2018/4/19,TST facebook group,https://www.facebook.com/groups/turtlespotintw/permalink/628028270874949/,Yuli Chiu,ShanFu,"22.33821, 120.35914",22.33821,120.35914,200,Propeller strike,Irregular wound,Carapace,Severe,Partially healed,Feeding
TW01G0111,https://turtlespottw.org/turtle-profile/TW01G0111,Chelonia mydas,Adult,2018/5/5,TST facebook group,https://www.facebook.com/groups/turtlespotintw/permalink/636085406735902/,Chihfeng Liao,ShanFu,"22.33821, 120.35914",22.33821,120.35914,200,Propeller strike,Irregular wound,Carapace,Severe,Partially healed,
TW01G0111,https://turtlespottw.org/turtle-profile/TW01G0111,Chelonia mydas,Adult,2018/5/22,TST facebook group,NA,Su Huai,ShanFu,"22.33821, 120.35914",22.33821,120.35914,200,Propeller strike,Irregular wound,Carapace,Severe,Partially healed,Scute regrowing
TW01G0111,https://turtlespottw.org/turtle-profile/TW01G0111,Chelonia mydas,Adult,2018/12/4,TST facebook group,https://www.facebook.com/photo.php?fbid=2529643190387036&set=p.2529643190387036&type=3,Su Huai,ShanFu,"22.33821, 120.35914",22.33821,120.35914,200,Propeller strike,Irregular wound,Carapace,Severe,Partially healed,Scute regrowing
TW01G0111,https://turtlespottw.org/turtle-profile/TW01G0111,Chelonia mydas,Adult,2019/2/3,TST facebook group,https://www.facebook.com/photo.php?fbid=2678579515493402&set=p.2678579515493402&type=3,Su Huai,ShanFu,"22.33821, 120.35914",22.33821,120.35914,200,Propeller strike,Irregular wound,Carapace,Severe,Healed,Scute regrowing
TW01G0111,https://turtlespottw.org/turtle-profile/TW01G0111,Chelonia mydas,Adult,2019/4/9,TST facebook group,https://www.facebook.com/groups/turtlespotintw/permalink/867065713637869/,黃彥勛,ShanFu,"22.33821, 120.35914",22.33821,120.35914,200,Propeller strike,Irregular wound,Carapace,Severe,Healed,Scute almost recoverd
TW01G0111,https://turtlespottw.org/turtle-profile/TW01G0111,Chelonia mydas,Adult,2019/4/13,TST facebook group,NA,Su Huai,ShanFu,"22.33821, 120.35914",22.33821,120.35914,200,Propeller strike,Irregular wound,Carapace,Severe,Healed,Scute almost recoverd
TW01G0111,https://turtlespottw.org/turtle-profile/TW01G0111,Chelonia mydas,Adult,2019/4/20,TST facebook group,NA,Su Huai,ShanFu,"22.33821, 120.35914",22.33821,120.35914,200,Propeller strike,Irregular wound,Carapace,Severe,Healed,Recovered wound covered by epibiont algae
TW01G0111,https://turtlespottw.org/turtle-profile/TW01G0111,Chelonia mydas,Adult,2019/9/13,TST facebook group,https://www.facebook.com/groups/turtlespotintw/permalink/967547783589661/,Ch LO,ShanFu,"22.33821, 120.35914",22.33821,120.35914,200,Propeller strike,Irregular wound,Carapace,Severe,Healed,Scute almost recoverd
TW01G0111,https://turtlespottw.org/turtle-profile/TW01G0111,Chelonia mydas,Adult,2019/12/15,TST facebook group,https://www.facebook.com/photo.php?fbid=3511427305541948&set=p.3511427305541948&type=3,Su Huai,ShanFu,"22.33821, 120.35914",22.33821,120.35914,200,Propeller strike,Irregular wound,Carapace,Severe,Healed,Scute almost recoverd
TW01G0111,https://turtlespottw.org/turtle-profile/TW01G0111,Chelonia mydas,Adult,2020/3/7,TST facebook group,NA,Su Huai （丞泓）,ShanFu,"22.33821, 120.35914",22.33821,120.35914,200,Propeller strike,Irregular wound,Carapace,Severe,Healed,Fishing lure hooked on the left front flipper
TW01G0111,https://turtlespottw.org/turtle-profile/TW01G0111,Chelonia mydas,Adult,2020/4/4,TST facebook group,https://www.facebook.com/groups/turtlespotintw/permalink/1145694229108348/,黃彥勛,ShanFu,"22.33821, 120.35914",22.33821,120.35914,200,Propeller strike,Irregular wound,Carapace,Severe,Healed,Fishing lure was disappear
TW01G0111,https://turtlespottw.org/turtle-profile/TW01G0111,Chelonia mydas,Adult,2020/6/23,TST facebook group,https://www.facebook.com/groups/turtlespotintw/permalink/1207498432927927/,Liu Shih,Lobster Cave,"22.34610, 120.38984",22.3461,120.38982,100,Propeller strike,Irregular wound,Carapace,Severe,Healed,
TW01G0111,https://turtlespottw.org/turtle-profile/TW01G0111,Chelonia mydas,Adult,2020/7/3,TST facebook group,https://www.facebook.com/photo.php?fbid=3772976916054094&set=p.3772976916054094&type=3,吳思楷,Beauty Cave,"22.35332, 120.37099",22.35332,120.37099,100,Propeller strike,Irregular wound,Carapace,Severe,Healed,
TW01G0111,https://turtlespottw.org/turtle-profile/TW01G0111,Chelonia mydas,Adult,2020/11/15,TST facebook group,https://www.facebook.com/groups/turtlespotintw/permalink/1330287777315658,Arwen Lin,ShanFu,"22.33821, 120.35914",22.33821,120.35914,200,Propeller strike,Parallel slicing wound,Carapace,Severe,Partially healed,"2nd wound, got hurt around early October (no images)"
TW01G0111,https://turtlespottw.org/turtle-profile/TW01G0111,Chelonia mydas,Adult,2020/11/23,TST facebook group,NA,Su Huai,ShanFu,"22.33821, 120.35914",22.33821,120.35914,200,Propeller strike,Parallel slicing wound,Carapace,Severe,Partially healed,
TW01G0111,https://turtlespottw.org/turtle-profile/TW01G0111,Chelonia mydas,Adult,2020/12/4,TST facebook group,NA,Su Huai,ShanFu,"22.33821, 120.35914",22.33821,120.35914,200,Propeller strike,Parallel slicing wound,Carapace,Severe,Partially healed,
TW01G0111,https://turtlespottw.org/turtle-profile/TW01G0111,Chelonia mydas,Adult,2021/1/22,TST facebook group,https://www.facebook.com/groups/turtlespotintw/permalink/1380067792337656/,Emily Tien,ShanFu,"22.33821, 120.35914",22.33821,120.35914,200,Propeller strike,Parallel slicing wound,Carapace,Severe,Partially healed,
TW01G0111,https://turtlespottw.org/turtle-profile/TW01G0111,Chelonia mydas,Adult,2021/2/28,TST facebook group,https://www.facebook.com/groups/turtlespotintw/permalink/1404673586543743,Jiun-Ting Lin,Vase Rock,"22.35613, 120.38092",22.35613,120.38092,100,Propeller strike,Parallel slicing wound,Carapace,Severe,Partially healed,
TW01G0111,https://turtlespottw.org/turtle-profile/TW01G0111,Chelonia mydas,Adult,2021/5/7,TST facebook group,https://www.facebook.com/photo.php?fbid=4475651665782412&set=p.4475651665782412&type=3,Jane Tsai (王郁雅）,Baisha Port,"22.35261, 120.38424",22.35261,120.38424,100,Propeller strike,Parallel slicing wound,Carapace,Severe,Partially healed,Feeding inside the harbor
TW01G0111,https://turtlespottw.org/turtle-profile/TW01G0111,Chelonia mydas,Adult,2021/5/7,TST facebook group,https://www.facebook.com/groups/turtlespotintw/posts/476669379344173/,Jane Tsai (郭峻嘉）,Baisha Port,"22.35261, 120.38424",22.35261,120.38424,100,Propeller strike,Parallel slicing wound,Carapace,Severe,Partially healed,Feeding inside the harbor
TW01G0111,https://turtlespottw.org/turtle-profile/TW01G0111,Chelonia mydas,Adult,2021/5/16,TST facebook group,https://www.facebook.com/groups/turtlespotintw/permalink/1462448494099585/,Jane Tsai,Beauty Cave to Vase Rock,"22.35594, 120.37529",22.35594,120.37529,500,Propeller strike,Parallel slicing wound,Carapace,Severe,Partially healed,
TW01G0111,https://turtlespottw.org/turtle-profile/TW01G0111,Chelonia mydas,Adult,2021/8/20,survey_sighting,NA,Yoko Nozawa,ShanFu,"22.33821, 120.35914",22.33821,120.35914,200,Propeller strike,Parallel slicing wound,Carapace,Severe,Partially healed,Resting
TW01G0111,https://turtlespottw.org/turtle-profile/TW01G0111,Chelonia mydas,Adult,2021/8/24,TST facebook group,https://www.facebook.com/groups/turtlespotintw/posts/1531319200545847/,蔡博齊,ShanFu,"22.33821, 120.35914",22.33821,120.35914,200,Propeller strike,Parallel slicing wound,Carapace,Severe,Partially healed,Cleaning station
TW01G0111,https://turtlespottw.org/turtle-profile/TW01G0111,Chelonia mydas,Adult,2021/11/21,survey_sighting,NA,Jane Tsai,Beauty Cave to Vase Rock,"22.35594, 120.37529",22.35594,120.37529,500,Propeller strike,Parallel slicing wound,Carapace,Severe,Healed,Wounds covered by epibiont algae
TW01G0111,https://turtlespottw.org/turtle-profile/TW01G0111,Chelonia mydas,Adult,2021/12/31,TST facebook group,https://www.facebook.com/groups/turtlespotintw/posts/1624477487896684/,黃彥勛,ShanFu,"22.33821, 120.35914",22.33821,120.35914,200,Propeller strike,Parallel slicing wound,Carapace,Severe,Undetermined,wounds were clear
TW01G0111,https://turtlespottw.org/turtle-profile/TW01G0111,Chelonia mydas,Adult,2022/4/21,TST facebook group,https://www.facebook.com/groups/turtlespotintw/posts/1700213430323089/,趙正宇,Vase Rock,"22.35613, 120.38092",22.35613,120.38092,100,Propeller strike,Parallel slicing wound,Carapace,Severe,Healed,Scute regrowing
TW01G0111,https://turtlespottw.org/turtle-profile/TW01G0111,Chelonia mydas,Adult,2022/6/12,TST facebook group,https://www.facebook.com/groups/turtlespotintw/posts/1738901743120924/,郭峻嘉,Baisha Port,"22.35261, 120.38424",22.35261,120.38424,100,Propeller strike,Parallel slicing wound,Carapace,Severe,Undetermined,Feeding inside the harbor
TW01G0111,https://turtlespottw.org/turtle-profile/TW01G0111,Chelonia mydas,Adult,2022/8/15,TST facebook group,https://www.facebook.com/groups/turtlespotintw/posts/1787510641593367,Su Huai,Beauty Cave to Vase Rock,"22.35594, 120.37529",22.35594,120.37529,500,Propeller strike,Parallel slicing wound,Carapace,Severe,Healed,
TW01G0111,https://turtlespottw.org/turtle-profile/TW01G0111,Chelonia mydas,Adult,2023/6/30,TST facebook group,https://www.facebook.com/groups/turtlespotintw/posts/2019760025035093/,Yu-Ting Peng,Baisha Port,"22.35261, 120.38424",22.35261,120.38424,100,Propeller strike,Parallel slicing wound,Carapace,Severe,Undetermined,
TW01G0111,https://turtlespottw.org/turtle-profile/TW01G0111,Chelonia mydas,Adult,2024/1/19,TST facebook group,https://www.facebook.com/groups/turtlespotintw/posts/2147159228961838/,趙正宇,Vase Rock,"22.35613, 120.38092",22.35613,120.38092,100,Propeller strike,Parallel slicing wound,Carapace,Severe,Undetermined,Resting
TW01G0111,https://turtlespottw.org/turtle-profile/TW01G0111,Chelonia mydas,Adult,2024/7/19,TST facebook group,https://www.facebook.com/groups/turtlespotintw/posts/2276330612711365/,趙正宇,Vase Rock,"22.35613, 120.38092",22.35613,120.38092,100,Propeller strike,Parallel slicing wound,Carapace,Severe,Healed,Resting
TW01G0120,https://turtlespottw.org/turtle-profile/TW01G0120,Chelonia mydas,Adult,2017/4/4,TST facebook group,https://www.facebook.com/groups/turtlespotintw/permalink/498087877202323,Su Huai,ShanFu,"22.33821, 120.35914",22.33821,120.35914,200,Propeller strike,Parallel slicing wound,Carapace,No injury,No injury,Before
TW01G0120,https://turtlespottw.org/turtle-profile/TW01G0120,Chelonia mydas,Adult,2017/7/17,TST facebook group,https://www.facebook.com/groups/turtlespotintw/permalink/498087877202323,Su Huai,ShanFu,"22.33821, 120.35914",22.33821,120.35914,200,Propeller strike,Parallel slicing wound,Carapace,Minor,Partially healed,1st wound
TW01G0120,https://turtlespottw.org/turtle-profile/TW01G0120,Chelonia mydas,Adult,2019/5/16,TST facebook group,https://www.facebook.com/groups/turtlespotintw/permalink/886678731676567/,郎志誠,ShanFu,"22.33821, 120.35914",22.33821,120.35914,200,Propeller strike,Parallel slicing wound,Carapace,Minor,Healed/Fresh wound (Fresh wound),2nd wound
TW01G0120,https://turtlespottw.org/turtle-profile/TW01G0120,Chelonia mydas,Adult,2020/2/14,TST facebook group,https://www.facebook.com/photo.php?fbid=2893328410689396&set=p.2893328410689396&type=3,Fei Pocheng,ShanFu,"22.33821, 120.35914",22.33821,120.35914,200,Propeller strike,Parallel slicing wound,Carapace,Minor,Healed,
TW01G0120,https://turtlespottw.org/turtle-profile/TW01G0120,Chelonia mydas,Adult,2021/10/3,TST facebook group,https://www.facebook.com/groups/turtlespotintw/permalink/1568453173499116,郎支誠,ShanFu,"22.33821, 120.35914",22.33821,120.35914,200,Propeller strike,Parallel slicing wound,Carapace,Minor,Healed,
TW01G0162,https://turtlespottw.org/turtle-profile/TW01G0162,Chelonia mydas,Adult,2017/7/19,TST facebook group,NA,Su Huai,Vase Rock,"22.35613, 120.38092",22.35613,120.38092,100,Propeller strike,Parallel slicing wound,Carapace,No injury,No injury,Before
TW01G0162,https://turtlespottw.org/turtle-profile/TW01G0162,Chelonia mydas,Adult,2020/4/7,TST facebook group,https://www.facebook.com/groups/turtlespotintw/permalink/1146315065712931/,Liu Shih,Beauty Cave,"22.35332, 120.37099",22.35332,120.37099,100,Propeller strike,Parallel slicing wound,Carapace,Severe,Partially healed,
TW01G0162,https://turtlespottw.org/turtle-profile/TW01G0162,Chelonia mydas,Adult,2020/7/9,TST facebook group,NA,Su Huai,Vase Rock,"22.35613, 120.38092",22.35613,120.38092,100,Propeller strike,Parallel slicing wound,Carapace,Severe,Partially healed,
TW01G0162,https://turtlespottw.org/turtle-profile/TW01G0162,Chelonia mydas,Adult,2020/8/20,TST facebook group,https://www.facebook.com/groups/turtlespotintw/permalink/1254651124879324/,Sese Hsu,Vase Rock,"22.35613, 120.38092",22.35613,120.38092,100,Propeller strike,Parallel slicing wound,Carapace,Severe,Partially healed,
TW01G0162,https://turtlespottw.org/turtle-profile/TW01G0162,Chelonia mydas,Adult,2020/8/29,TST facebook group,https://www.facebook.com/groups/turtlespotintw/permalink/1263029980708105/,李雲翔,Vase Rock,"22.35613, 120.38092",22.35613,120.38092,100,Propeller strike,Parallel slicing wound,Carapace,Severe,Partially healed,
TW01G0162,https://turtlespottw.org/turtle-profile/TW01G0162,Chelonia mydas,Adult,2021/4/30,survey_sighting,NA,Jane Tsai,Vase Rock,"22.35613, 120.38092",22.35613,120.38092,100,Propeller strike,Parallel slicing wound,Carapace,Severe,Partially healed,
TW01G0162,https://turtlespottw.org/turtle-profile/TW01G0162,Chelonia mydas,Adult,2021/5/16,TST facebook group,https://www.facebook.com/groups/turtlespotintw/permalink/1462470664097368/,Jane Tsai,Vase Rock,"22.35613, 120.38092",22.35613,120.38092,100,Propeller strike,Parallel slicing wound,Carapace,Severe,Partially healed,
TW01G0162,https://turtlespottw.org/turtle-profile/TW01G0162,Chelonia mydas,Adult,2021/8/22,survey_sighting,NA,Jane Tsai,Vase Rock,"22.35613, 120.38092",22.35613,120.38092,100,Propeller strike,Parallel slicing wound,Carapace,Severe,Partially healed,
TW01G0162,https://turtlespottw.org/turtle-profile/TW01G0162,Chelonia mydas,Adult,2021/11/21,survey_sighting,NA,Jane Tsai/Una Liu,Vase Rock,"22.35613, 120.38092",22.35613,120.38092,100,Propeller strike,Parallel slicing wound,Carapace,Severe,Partially healed,
TW01G0162,https://turtlespottw.org/turtle-profile/TW01G0162,Chelonia mydas,Adult,2022/8/15,survey_sighting,NA,Shih Liu,Vase Rock,"22.35613, 120.38092",22.35613,120.38092,100,Propeller strike,Parallel slicing wound,Carapace,Severe,Healed,Scute regrowing
TW01G0218,https://turtlespottw.org/turtle-profile/TW01G0218,Chelonia mydas,Juvenile,2018/3/4,TST facebook group,https://www.facebook.com/photo.php?fbid=2832072900144062&set=p.2832072900144062&type=3,Su Huai,ShanFu,"22.33821, 120.35914",22.33821,120.35914,200,Unknown,Abnormal flipper,Right rear flipper,Minor,Healed,1st wound
TW01G0218,https://turtlespottw.org/turtle-profile/TW01G0218,Chelonia mydas,Juvenile,2018/5/25,TST facebook group,https://www.facebook.com/groups/turtlespotintw/permalink/645937602417349,宋騏安,ShanFu,"22.33821, 120.35914",22.33821,120.35914,200,Unknown,Abnormal flipper,Right rear flipper,Minor,Healed,
TW01G0218,https://turtlespottw.org/turtle-profile/TW01G0218,Chelonia mydas,Juvenile,2018/12/6,TST facebook group,https://www.facebook.com/groups/turtlespotintw/posts/786891731655268/,Kou Koushi,ShanFu,"22.33821, 120.35914",22.33821,120.35914,200,Unknown,Abnormal flipper,Right rear flipper,Minor,Healed,
TW01G0218,https://turtlespottw.org/turtle-profile/TW01G0218,Chelonia mydas,Juvenile,2018/12/26,TST facebook group,https://www.facebook.com/photo.php?fbid=2832075730143779&set=p.2832075730143779&type=3,Su Huai,ShanFu,"22.33821, 120.35914",22.33821,120.35914,200,Unknown,Irregular wound,Left eye,Minor,Fresh wound,2nd wound
TW01G0218,https://turtlespottw.org/turtle-profile/TW01G0218,Chelonia mydas,Juvenile,2019/4/9,TST facebook group,https://www.facebook.com/groups/turtlespotintw/permalink/867067413637699/,黃彥勛,ShanFu,"22.33821, 120.35914",22.33821,120.35914,200,Unknown,Irregular wound,Left eye,Minor,Undetermined,
TW01G0218,https://turtlespottw.org/turtle-profile/TW01G0218,Chelonia mydas,Juvenile,2020/8/19,TST facebook group,https://www.facebook.com/groups/turtlespotintw/posts/1256123874732049/,Nancy Lee,ShanFu,"22.33821, 120.35914",22.33821,120.35914,200,Unknown,Irregular wound,Right rear flipper/Left eye,Minor,Healed,
TW01G0218,https://turtlespottw.org/turtle-profile/TW01G0218,Chelonia mydas,Juvenile,2021/8/22,survey_sighting,NA,Yoko Nozawa,ShanFu,"22.33821, 120.35914",22.33821,120.35914,200,Unknown,Irregular wound,Right rear flipper/Left eye,Minor,Healed,
TW01G0218,https://turtlespottw.org/turtle-profile/TW01G0218,Chelonia mydas,Juvenile,2021/11/7,TST facebook group,https://www.facebook.com/groups/turtlespotintw/posts/1595164487494651/,Océane Lin,ShanFu,"22.33821, 120.35914",22.33821,120.35914,200,Unknown,Irregular wound,Right rear flipper/Left eye,Minor,Healed,
TW01G0218,https://turtlespottw.org/turtle-profile/TW01G0218,Chelonia mydas,Juvenile,2021/12/12,TST facebook group,https://www.facebook.com/groups/turtlespotintw/permalink/1609411576069942,Ernest Ho,ShanFu,"22.33821, 120.35914",22.33821,120.35914,200,Unknown,Irregular wound,Right rear flipper/Left eye,Minor,Healed,
TW01G0294,https://turtlespottw.org/turtle-profile/TW01G0294,Chelonia mydas,Subadult,2020/3/29,TST facebook group,https://www.facebook.com/groups/turtlespotintw/permalink/1139290383082066/,Liu Shih,Houshi Fringing Reef,"22.32458, 120.36696",22.32458,120.36696,150,Unknown,Irregular wound,Carapace,Minor,Partially healed,
TW01G0294,https://turtlespottw.org/turtle-profile/TW01G0294,Chelonia mydas,Subadult,2020/4/11,TST facebook group,https://www.facebook.com/groups/turtlespotintw/posts/1149638188713952/,Liu Shih,Houshi Fringing Reef,"22.32458, 120.36696",22.32458,120.36696,150,Unknown,Irregular wound,Carapace,Minor,Partially healed,
TW01G0294,https://turtlespottw.org/turtle-profile/TW01G0294,Chelonia mydas,Subadult,2020/6/18,TST facebook group,https://www.facebook.com/groups/turtlespotintw/posts/1203626113315159/,Sese Hsu,Houshi Fringing Reef,"22.32458, 120.36696",22.32458,120.36696,150,Unknown,Irregular wound,Carapace,Minor,Partially healed,
TW01G0294,https://turtlespottw.org/turtle-profile/TW01G0294,Chelonia mydas,Subadult,2022/11/22,survey_sighting,NA,LanYin Lu/Jane Tsai,Houshi Fringing Reef,"22.32458, 120.36696",22.32458,120.36696,150,Unknown,Irregular wound,Carapace,Minor,Healed,
TW01G0429,https://turtlespottw.org/turtle-profile/TW01G0429,Chelonia mydas,Subadult,2021/5/21,TST facebook group,NA,Su Huai,Lobster Cave,"22.34610, 120.38983",22.3461,120.38982,100,Fishing line entanglement,Flipper Constriction from Entanglement,Right front flipper,Severe,Necrotic,Visible swelling of the right flipper with suspected ischaemic necrosis
TW01G0429,https://turtlespottw.org/turtle-profile/TW01G0429,Chelonia mydas,Subadult,2022/8/14,TST facebook group,NA,Su Huai,Lobster Cave,"22.34610, 120.38983",22.3461,120.38982,100,Fishing line entanglement,Flipper Constriction from Entanglement,Right front flipper,Severe,Healed Amputation,
TW01G0429,https://turtlespottw.org/turtle-profile/TW01G0429,Chelonia mydas,Subadult,2022/10/5,TST facebook group,NA,Su Huai,Lobster Cave,"22.34610, 120.38983",22.3461,120.38982,100,Fishing line entanglement,Flipper Constriction from Entanglement,Right front flipper,Severe,Healed Amputation,
TW01G0429,https://turtlespottw.org/turtle-profile/TW01G0429,Chelonia mydas,Subadult,2022/11/11,TST facebook group,https://www.facebook.com/groups/turtlespotintw/posts/1857714644572966/,郎志誠,Lobster Cave,"22.34610, 120.38983",22.3461,120.38982,100,Fishing line entanglement,Flipper Constriction from Entanglement,Right front flipper,Severe,Healed Amputation,
TW01G0429,https://turtlespottw.org/turtle-profile/TW01G0429,Chelonia mydas,Subadult,2022/11/28,TST facebook group,https://www.facebook.com/groups/turtlespotintw/posts/1908053409539089/,Leïla Liang,Lobster Cave,"22.34610, 120.38983",22.3461,120.38982,100,Fishing line entanglement,Flipper Constriction from Entanglement,Right front flipper,Severe,Healed Amputation,
TW01G0514,https://turtlespottw.org/turtle-profile/TW01G0514,Chelonia mydas,Adult,2018/10/17,TST facebook group,NA,Su Huai,Lobster Cave,"22.34610, 120.38983",22.3461,120.38982,100,Unknown,Irregular wound,Carapace,No injury,Healed,Before
TW01G0514,https://turtlespottw.org/turtle-profile/TW01G0514,Chelonia mydas,Adult,2018/11/22,TST facebook group,NA,Su Huai,Lobster Cave,"22.34610, 120.38983",22.3461,120.38982,100,Unknown,Irregular wound,Carapace,No injury,Healed,Before
TW01G0514,https://turtlespottw.org/turtle-profile/TW01G0514,Chelonia mydas,Adult,2019/12/17,TST facebook group,NA,Su Huai,Lobster Cave,"22.34610, 120.38983",22.3461,120.38982,100,Unknown,Irregular wound,Carapace,No injury,Healed,Before
TW01G0514,https://turtlespottw.org/turtle-profile/TW01G0514,Chelonia mydas,Adult,2020/7/12,TST facebook group,https://www.facebook.com/groups/turtlespotintw/permalink/1222443814766722/,蔡弄弦,Lobster Cave,"22.34610, 120.38983",22.3461,120.38982,100,Unknown,Irregular wound,Carapace,No injury,Healed,Before
TW01G0514,https://turtlespottw.org/turtle-profile/TW01G0514,Chelonia mydas,Adult,2020/10/20,survey_sighting,NA,Su Huai,Lobster Cave,"22.34610, 120.38983",22.3461,120.38982,100,Unknown,Irregular wound,Eye,Minor,Partially healed,
TW01G0514,https://turtlespottw.org/turtle-profile/TW01G0514,Chelonia mydas,Adult,2021/5/1,survey_sighting,NA,Chialing Fong,Lobster Cave,"22.34610, 120.38983",22.3461,120.38982,100,Unknown,Irregular wound,Eye,Minor,Healed,
TW01G0514,https://turtlespottw.org/turtle-profile/TW01G0514,Chelonia mydas,Adult,2022/5/4,TST facebook group,https://www.facebook.com/groups/turtlespotintw/posts/1709924269352005/,Emily Tien,Lobster Cave,"22.34610, 120.38983",22.3461,120.38982,100,Propeller strike,Irregular wound,Carapace,Severe,Partially healed,
TW01G0514,https://turtlespottw.org/turtle-profile/TW01G0514,Chelonia mydas,Adult,2022/6/3,survey_sighting,NA,Chialing Fong,Lobster Cave,"22.34610, 120.38983",22.3461,120.38982,100,Propeller strike,Irregular wound,Carapace,Severe,Partially healed,
TW01G0514,https://turtlespottw.org/turtle-profile/TW01G0514,Chelonia mydas,Adult,2022/6/18,TST facebook group,https://www.facebook.com/groups/turtlespotintw/permalink/1743818265962605,Melissa Liu,Lobster Cave,"22.34610, 120.38983",22.3461,120.38982,100,Propeller strike,Irregular wound,Carapace,Severe,Partially healed,
TW01G0514,https://turtlespottw.org/turtle-profile/TW01G0514,Chelonia mydas,Adult,2022/8/13,survey_sighting,NA,Una Liu,Lobster Cave,"22.34610, 120.38983",22.3461,120.38982,100,Propeller strike,Irregular wound,Carapace,Severe,Partially healed,
TW01G0514,https://turtlespottw.org/turtle-profile/TW01G0514,Chelonia mydas,Adult,2022/11/22,survey_sighting,NA,LanYin Lu/Jane Tsai,Lobster Cave,"22.34610, 120.38983",22.3461,120.38982,100,Propeller strike,Irregular wound,Carapace,Severe,Partially healed,video
TW01G0514,https://turtlespottw.org/turtle-profile/TW01G0514,Chelonia mydas,Adult,2022/11/24,survey_sighting,NA,Yoko Nozawa,Lobster Cave,"22.34610, 120.38983",22.3461,120.38982,100,Propeller strike,Irregular wound,Carapace,Severe,Partially healed,Feeding